name,class,year,shows,first week,final week,first score,final score,avg overall increase,avg me increase,avg ve increase,avg m increase,avg v increase
Arcadia HS,PSW,2023,2,6,10,90.85,91.526,0.338,-0.488,0.225,0.5,0.1
Avon HS,PSW,2023,2,3,10,86.75,96.825,5.038,1.688,0.988,1.575,0.788
Ayala HS,PSW,2023,2,6,10,92.475,97.938,2.732,0.619,0.675,0.95,0.488
Boswell HS,PSW,2023,2,6,10,87.55,89.7,1.075,0.112,-0.25,0.438,0.775
Brandon Valley HS,PSW,2023,2,5,10,80.55,87.213,3.331,0.657,0.975,0.562,1.138
Broken Arrow HS,PSW,2023,2,6,10,86.85,91.8,2.475,1.05,0.213,0.613,0.6
Burleson Centennial HS,PSW,2023,2,6,10,90.0,90.313,0.157,0.094,-0.013,-0.3,0.375
Carroll Senior HS,PSW,2023,2,3,6,77.7,78.751,0.526,0.375,0.35,0.05,-0.25
Center Grove HS,PSW,2023,2,3,10,83.6,95.05,5.725,2.137,1.088,1.55,0.95
Centerville HS,PSW,2023,2,5,10,83.75,85.9,1.075,-0.037,0.8,-0.125,0.438
Chino Hills HS,PSW,2023,3,2,10,90.05,97.5,2.875,0.787,0.45,0.988,0.65
Clovis HS,PSW,2023,2,6,10,87.6,90.664,1.532,-0.018,0.638,0.95,-0.037
Cy-Fair HS,PSW,2023,2,3,10,86.0,93.414,3.707,1.107,1.2,1.075,0.325
Dartmouth HS,PSW,2023,2,2,10,87.45,94.788,3.669,1.031,0.588,1.338,0.713
Dorman HS,PSW,2023,2,5,10,84.3,86.75,1.225,0.6,0.113,0.513,0.0
Fishers HS,PSW,2023,2,3,10,78.7,83.65,2.475,0.638,0.525,0.637,0.675
Franklin Central HS,PSW,2023,2,3,10,81.35,90.039,4.345,1.743,1.237,0.438,0.925
Great Oak HS,PSW,2023,2,6,10,84.351,86.764,1.206,0.094,0.35,0.562,0.2
Homestead HS,PSW,2023,2,6,10,85.601,86.263,0.331,-0.393,0.2,0.488,0.037
Milton HS,PSW,2023,2,5,10,79.35,86.926,3.788,1.537,0.213,1.3,0.737
Old Bridge HS,PSW,2023,2,5,10,89.25,88.985,-0.133,0.262,-0.1,-0.02,-0.275
Petal HS,PSW,2023,3,4,10,81.25,88.088,2.744,0.844,0.225,0.7,0.975
South County HS,PSW,2023,2,3,10,74.075,82.913,4.419,0.731,0.963,1.75,0.975
Sparkman HS,PSW,2023,2,4,10,85.0,90.725,2.862,0.412,0.55,1.2,0.7
Timber Creek HS,PSW,2023,2,3,6,78.9,79.4,0.25,0.45,0.6,-0.55,-0.25
Vista Murrieta HS,PSW,2023,2,2,10,84.95,96.613,5.831,1.594,1.5,1.525,1.213
Walled Lake Consolidated Schools,PSW,2023,2,6,10,90.6,89.876,-0.362,-0.488,0.062,-0.037,0.1
Basha HS,PSO,2023,2,2,4,74.75,81.4,3.325,0.525,0.55,1.75,0.5
Bridgeland HS,PSO,2023,2,3,6,84.55,88.35,1.9,0.75,0.4,0.65,0.1
Brownsburg HS,PSO,2023,2,3,10,84.1,96.3,6.1,2.287,0.975,1.25,1.588
Central Dauphin HS,PSO,2023,2,5,10,80.001,82.826,1.412,0.375,0.3,0.688,0.05
Clover HS,PSO,2023,2,3,10,83.35,97.863,7.257,2.081,1.65,1.912,1.613
Decatur Central HS,PSO,2023,2,3,10,75.401,90.001,7.3,2.55,1.55,1.9,1.3
Dobyns-Bennett HS,PSO,2023,2,3,5,75.3,78.851,1.776,0.3,0.7,0.025,0.75
Eden Prairie HS,PSO,2023,2,5,10,81.45,86.251,2.401,0.938,0.575,0.325,0.562
Fair Lawn HS,PSO,2023,2,2,5,80.3,86.1,2.9,0.75,0.9,0.15,1.1
Foothill HS (NV),PSO,2023,3,4,10,83.05,87.714,2.357,0.319,0.4,1.275,0.363
Greenfield-Central HS,PSO,2023,2,3,10,79.95,93.35,6.7,2.1,1.55,1.95,1.1
Gulfport HS,PSO,2023,2,5,10,83.25,84.826,0.788,-0.3,-0.3,1.087,0.3
Gwinnett County Combined Schools,PSO,2023,2,5,10,76.051,81.801,2.875,0.6,0.2,1.475,0.6
Hardin Valley Academy,PSO,2023,2,3,4,77.45,82.95,2.75,0.75,0.55,0.65,0.8
Hernando HS,PSO,2023,2,4,10,79.75,88.664,4.457,1.482,0.7,1.037,1.237
John Marshall HS,PSO,2023,2,3,6,74.651,78.701,2.025,0.825,0.15,0.55,0.5
Kamiak HS,PSO,2023,2,6,10,85.75,91.826,3.038,0.412,0.4,1.088,1.137
Kettering Fairmont HS,PSO,2023,3,3,10,80.05,93.051,4.451,0.788,1.2,1.35,1.112
La Canada HS,PSO,2023,2,6,10,78.851,82.464,1.806,-0.094,0.312,0.825,0.762
Lake Orion HS,PSO,2023,2,6,10,87.5,83.376,-2.062,-0.375,0.312,-1.625,-0.375
Lone Peak HS,PSO,2023,2,4,6,78.55,76.2,-1.175,0.225,-0.2,-1.85,0.65
Mauldin HS,PSO,2023,2,3,5,74.751,75.551,0.4,0.6,0.8,-0.7,-0.3
Milford HS (OH),PSO,2023,2,5,10,82.0,84.826,1.413,0.525,0.2,0.375,0.312
New Milford HS,PSO,2023,2,5,10,83.65,83.876,0.113,0.3,-0.525,0.162,0.175
Newsome HS,PSO,2023,2,2,10,75.7,81.963,3.131,0.543,0.538,1.35,0.7
Ninety Six HS,PSO,2023,2,3,10,80.55,89.976,4.713,0.9,0.9,1.713,1.2
Norwalk HS Combined Schools,PSO,2023,2,2,5,76.6,83.2,3.3,0.9,1.75,0.45,0.2
OConnor HS,PSO,2023,2,3,6,81.15,85.9,2.375,1.275,0.55,0.85,-0.3
Pace HS,PSO,2023,2,4,10,81.45,89.425,3.987,1.012,0.2,2.225,0.55
Plainfield HS,PSO,2023,2,3,10,70.601,92.288,10.843,3.168,2.325,3.237,2.112
Plymouth-Canton Educational Park,PSO,2023,2,6,10,85.05,85.676,0.313,0.263,0.475,-0.325,-0.1
Powhatan HS,PSO,2023,2,3,10,79.0,88.788,4.894,1.106,1.325,0.963,1.5
Trumbull HS,PSO,2023,3,2,10,76.9,84.175,2.45,0.975,0.412,0.788,0.275
Union HS,PSO,2023,2,6,10,86.75,96.775,5.013,2.062,0.75,1.325,0.875
Victor J. Andrew HS,PSO,2023,3,3,10,84.25,94.201,4.032,1.069,0.788,1.313,0.862
Zionsville Community HS,PSO,2023,2,3,10,77.4,96.125,9.362,2.738,2.138,2.737,1.75
Albemarle County Combined Schools,PSA,2023,2,3,10,67.401,81.175,6.887,1.088,2.15,2.3,1.35
Beavercreek HS,PSA,2023,2,5,10,88.05,94.8,3.375,1.237,0.525,0.988,0.625
Carlsbad HS,PSA,2023,2,2,6,74.75,81.0,3.125,-0.075,0.65,1.65,0.9
Chantilly HS,PSA,2023,2,3,10,77.2,83.876,3.338,0.488,1.05,1.0,0.8
Dakota Combined Schools,PSA,2023,2,6,10,82.2,87.939,2.869,0.919,0.75,1.05,0.15
Dawson Bryant HS,PSA,2023,2,3,10,72.675,78.663,2.994,1.069,0.325,0.925,0.675
Elk River Combined Schools,PSA,2023,2,5,10,76.6,88.876,6.138,1.838,1.225,2.175,0.9
Everett HS,PSA,2023,3,2,10,77.275,90.45,3.587,1.35,0.7,1.4,0.138
Gilbert HS,PSA,2023,2,4,6,73.55,80.35,3.4,1.35,0.15,0.95,0.95
Grand Blanc HS,PSA,2023,2,6,10,80.25,88.426,4.088,0.638,1.45,0.95,1.05
Gulf Breeze HS,PSA,2023,2,4,10,72.9,89.064,8.082,1.332,1.75,3.1,1.9
Hempfield HS,PSA,2023,3,2,10,77.8,93.025,5.263,2.175,1.087,1.4,0.6
Higley HS,PSA,2023,2,4,6,71.301,72.801,0.75,-0.3,-0.5,0.35,1.2
Hudsonville HS,PSA,2023,2,6,10,85.1,86.264,0.582,-0.319,0.325,0.125,0.45
Irondale Combined Schools,PSA,2023,2,5,10,82.15,95.625,6.737,1.988,1.55,1.9,1.3
John C. Birdlebough HS,PSA,2023,2,2,10,74.951,84.676,4.863,1.387,1.475,1.45,0.55
Kaneland HS,PSA,2023,2,2,5,67.401,73.8,3.2,1.35,0.75,0.3,0.8
Kings HS,PSA,2023,2,5,10,86.55,89.113,1.282,0.094,0.725,0.787,-0.325
Lakeway Christian Academy,PSA,2023,2,3,10,75.4,83.326,3.963,0.787,1.175,1.4,0.6
Lebanon HS,PSA,2023,2,5,10,77.65,82.439,2.394,1.143,0.4,0.5,0.35
Longmont Combined Schools,PSA,2023,2,4,10,82.35,92.864,5.257,1.781,0.625,1.488,1.363
Minooka Community HS,PSA,2023,2,2,10,75.8,86.426,5.313,1.162,1.05,1.7,1.4
Noblesville HS,PSA,2023,2,3,10,77.65,93.25,7.8,2.738,1.375,1.988,1.7
North Forsyth HS,PSA,2023,2,5,10,80.85,87.425,3.288,1.5,0.275,0.35,1.162
Nutley HS,PSA,2023,2,2,5,75.751,85.051,4.65,1.05,1.75,0.325,1.525
Oak Grove HS (MS),PSA,2023,2,4,10,80.85,92.276,5.713,1.762,0.7,2.262,0.988
Oak Ridge HS,PSA,2023,2,4,10,83.15,88.375,2.612,1.312,-0.2,1.35,0.15
Perkiomen Valley HS,PSA,2023,2,5,10,83.201,85.026,0.913,0.188,0.65,0.15,-0.075
Perry HS,PSA,2023,2,4,6,69.101,73.751,2.325,1.875,-0.9,1.3,0.05
Plainfield Combined School,PSA,2023,2,2,10,82.75,89.95,3.6,0.825,1.125,0.575,1.075
Pleasant Grove HS,PSA,2023,2,4,6,69.651,78.001,4.175,1.125,1.7,0.5,0.85
Rock Hill HS,PSA,2023,2,3,5,71.9,75.001,1.55,0.15,0.35,0.95,0.1
Salem HS,PSA,2023,2,5,10,76.25,84.776,4.263,0.863,1.1,1.625,0.675
Southport HS,PSA,2023,2,3,10,76.1,83.901,3.901,2.362,0.825,0.288,0.425
Unionville HS,PSA,2023,2,5,10,88.7,90.525,0.913,-0.112,0.4,0.4,0.225
Vandebilt Catholic HS,PSA,2023,2,4,10,80.9,93.5,6.3,1.838,0.975,2.2,1.287
Wapakoneta HS,PSA,2023,2,5,10,78.051,80.65,1.3,0.15,0.15,1.3,-0.3
Warren Central HS,PSA,2023,2,5,10,79.35,88.251,4.451,1.088,0.75,1.538,1.075
West Milford HS,PSA,2023,3,2,10,74.801,84.164,3.757,0.694,1.787,0.825,0.45
Westfield HS,PSA,2023,2,3,10,74.051,85.701,5.825,2.025,1.05,1.25,1.5
Westhill HS,PSA,2023,2,2,5,69.95,78.4,4.225,1.875,0.8,0.8,0.75
Williams Field HS,PSA,2023,2,4,6,82.425,85.25,1.413,0.262,0.35,0.35,0.45
Atlanta Quest,PIW,2023,3,2,10,80.3,90.9,4.4,1.575,0.675,1.25,0.9
Audio Theater,PIW,2023,3,4,10,80.25,84.5,2.087,0.338,0.638,0.7,0.412
Blue Knights,PIW,2023,2,4,10,85.0,86.351,0.675,0.075,-0.45,0.875,0.175
Broken City,PIW,2023,2,6,10,92.5,96.125,1.812,0.825,0.438,0.0,0.55
Cap City Percussion,PIW,2023,3,3,10,80.65,88.825,2.431,0.694,0.662,0.662,0.412
ConneXus,PIW,2023,3,3,10,82.9,91.138,3.407,1.069,0.812,0.688,0.838
Dark Sky,PIW,2023,2,6,10,86.876,85.8,-0.538,0.037,0.262,-0.925,0.087
Flux Indoor Percussion,PIW,2023,3,4,10,83.35,84.65,0.319,-0.243,-0.037,0.237,0.362
George Mason University,PIW,2023,3,3,10,83.15,92.876,2.963,0.938,0.538,0.85,0.637
Gold Indoor Percussion,PIW,2023,3,2,10,83.9,84.75,0.037,0.338,-0.425,0.05,0.075
Infinity,PIW,2023,3,2,10,84.35,95.576,5.55,1.838,1.05,1.65,1.013
Infinity 2,PIW,2023,2,4,10,79.4,87.888,4.244,1.444,1.062,1.262,0.475
MBI Indoor Percussion,PIW,2023,2,5,10,85.25,86.8,0.775,0.75,-0.05,-0.125,0.2
Matrix,PIW,2023,2,5,10,87.7,93.439,2.869,0.844,1.1,0.475,0.45
Monarch Independent,PIW,2023,2,3,10,83.95,93.001,4.526,1.575,0.637,1.9,0.412
Music City Mystique,PIW,2023,2,4,10,88.55,95.475,3.462,0.975,0.537,1.338,0.613
POW Percussion,PIW,2023,3,2,10,85.55,92.338,2.644,1.256,0.425,0.325,0.638
Pulse Percussion,PIW,2023,3,2,10,90.7,98.513,2.85,0.862,0.513,0.85,0.625
RCC,PIW,2023,2,6,10,93.3,98.475,2.587,0.713,0.475,0.7,0.7
Red Wave Indoor,PIW,2023,2,6,10,84.101,85.325,0.612,0.338,0.263,-0.25,0.262
Redline,PIW,2023,2,3,10,75.8,82.875,3.538,1.05,0.825,0.912,0.75
Rhythm X,PIW,2023,3,3,10,88.45,97.625,3.613,1.125,0.812,1.013,0.663
Rhythmic Force Percussion,PIW,2023,3,3,10,81.15,85.263,1.669,0.844,0.375,0.025,0.425
Rise Percussion,PIW,2023,2,4,10,80.4,81.325,0.462,-0.487,-0.05,0.875,0.125
River City Rhythm,PIW,2023,2,5,10,82.4,84.075,0.837,0.412,-0.275,0.525,0.175
STRYKE Percussion,PIW,2023,2,4,10,78.25,83.888,2.819,1.106,0.0,1.387,0.325
Thesis,PIW,2023,2,6,10,86.951,85.776,-0.587,0.637,-0.325,-0.75,-0.15
United Percussion,PIW,2023,3,2,10,87.85,94.164,2.62,0.806,0.537,0.925,0.35
Veritas,PIW,2023,2,3,10,74.201,80.95,3.375,1.5,0.725,0.2,0.95
Vessel,PIW,2023,2,6,10,78.85,81.7,1.425,0.75,-0.225,0.675,0.225
Vigilantes Indoor Percussion,PIW,2023,2,6,10,84.5,89.463,2.481,0.882,0.4,0.725,0.475
Ascension Percussion,PIO,2023,2,6,10,86.95,79.1,-3.925,-1.35,-0.425,-1.075,-1.075
Atlas Percussion,PIO,2023,2,2,10,77.3,82.225,2.462,0.487,-0.525,1.7,0.8
Bakersfield College,PIO,2023,2,6,10,90.2,92.876,1.338,0.262,0.163,0.0,0.912
Breakthrough Indoor Percussion,PIO,2023,3,4,10,79.15,85.525,1.825,0.15,0.075,0.637,0.962
Cap City 2,PIO,2023,3,3,10,81.85,88.3,2.175,0.9,0.4,0.225,0.65
Civitas Independent,PIO,2023,3,3,10,84.5,94.888,4.644,1.182,1.05,1.637,0.775
Crossroads Percussion,PIO,2023,2,5,10,84.2,87.951,1.875,0.262,0.325,0.85,0.438
Elan Percussion,PIO,2023,2,2,6,80.15,81.35,0.6,-0.6,0.8,0.4,0.0
Empyrean Percussion,PIO,2023,2,3,10,78.425,81.95,1.763,-0.037,0.4,1.225,0.175
Freedom Percussion,PIO,2023,2,3,10,78.8,95.15,8.175,2.438,1.2,2.7,1.838
Gold Spike Percussion,PIO,2023,2,4,10,77.3,83.776,3.238,0.375,0.825,1.55,0.487
IMPACT Percussion,PIO,2023,2,6,10,87.5,96.263,4.382,1.181,0.925,1.275,1.0
Instinct,PIO,2023,2,6,10,79.951,81.8,0.925,-0.338,-0.2,1.525,-0.062
Lake Effect Percussion,PIO,2023,2,6,10,85.65,78.5,-3.575,-0.975,-0.725,-1.15,-0.725
Liberty University Indoor Drumline,PIO,2023,2,3,10,77.5,82.35,2.425,-0.188,0.4,1.412,0.8
M3,PIO,2023,2,5,10,80.7,83.45,1.375,0.0,0.5,0.812,0.062
Matrix Open,PIO,2023,2,5,10,85.6,86.026,0.213,0.262,-0.075,-0.05,0.075
Meraki,PIO,2023,3,2,10,84.05,97.088,4.569,1.069,0.975,1.6,0.925
Motor City Percussion,PIO,2023,2,6,10,90.65,87.351,-1.65,-0.9,-0.425,-0.2,-0.125
Mt. Juliet HS,PIO,2023,2,5,10,81.15,81.85,0.35,-0.412,-0.6,1.125,0.237
Nomad Indoor,PIO,2023,2,5,10,80.75,81.6,0.425,-1.2,0.525,0.6,0.5
Old Line Independent Percussion,PIO,2023,2,3,10,80.0,82.35,1.175,0.188,-0.15,0.625,0.512
Palmetto Indoor Theatre,PIO,2023,3,3,10,73.45,82.1,3.575,0.75,0.375,1.9,0.55
Paradigm Percussion,PIO,2023,2,3,10,77.95,88.5,5.275,1.8,1.225,1.65,0.6
Q2,PIO,2023,3,2,10,75.8,93.626,7.338,2.287,1.4,2.375,1.275
Resistance Indoor Percussion,PIO,2023,2,6,10,80.7,88.089,3.694,1.594,1.075,0.812,0.213
Spartans Indoor Percussion,PIO,2023,3,2,10,78.9,91.914,4.795,1.556,1.0,1.4,0.837
UTRGV Percussion,PIO,2023,2,6,10,76.65,79.3,1.325,0.075,0.0,1.025,0.225
UTSA,PIO,2023,3,3,10,79.0,85.551,1.975,0.375,-0.15,1.6,0.15
United Percussion 2,PIO,2023,3,2,10,83.4,92.414,3.357,0.806,0.7,1.45,0.4
Vision Percussion,PIO,2023,3,4,10,85.6,89.476,1.525,0.713,-0.15,0.65,0.312
Charles Towne Percussion,PIA,2023,2,3,10,77.25,90.575,6.663,2.062,1.5,1.825,1.275
Cornerstone Percussion,PIA,2023,2,2,6,75.6,77.45,0.925,-0.525,1.05,0.55,-0.15
Crystal Lake Thunder,PIA,2023,2,3,10,74.85,86.064,5.607,1.706,0.9,1.575,1.425
Fruitport Independent Percussion,PIA,2023,2,6,10,76.0,82.725,3.362,0.862,0.4,0.925,1.175
Huron Valley Percussion,PIA,2023,2,6,10,83.0,89.389,3.194,0.881,0.8,0.762,0.75
Kannapolis Independent,PIA,2023,2,3,10,71.6,81.85,5.125,1.575,1.0,1.55,1.0
Modulation Z,PIA,2023,2,2,10,85.45,96.05,5.3,2.25,1.062,0.988,1.0
North Star Independent,PIA,2023,2,4,10,84.4,91.938,3.769,0.918,0.475,1.375,1.0
Pi Percussion Inc.,PIA,2023,2,2,10,78.85,89.8,5.475,2.1,1.05,1.1,1.225
Quad City Percussion,PIA,2023,2,5,10,70.45,82.439,5.994,2.269,1.15,1.9,0.675
Revelation,PIA,2023,2,3,10,75.2,88.975,6.887,1.875,1.6,2.4,1.012
Rift Percussion,PIA,2023,2,4,6,81.45,83.4,0.975,0.075,0.45,-0.15,0.6
Shockwave,PIA,2023,2,6,10,62.4,70.05,3.825,1.725,1.15,0.15,0.8
St. Ambrose University Indoor Percussion,PIA,2023,2,5,10,70.0,83.925,6.962,2.588,1.25,1.85,1.275
St. Martin Independent,PIA,2023,2,4,10,75.6,94.025,9.213,2.325,1.938,3.075,1.875
Vortex Percussion,PIA,2023,2,6,10,80.0,87.05,3.525,0.225,1.825,0.975,0.5
Arcadia HS,PSW,2024,3,6,10,89.625,88.713,-0.381,0.094,-0.1,-0.187,-0.188
Avon HS,PSW,2024,3,3,10,86.95,96.113,2.453,0.703,0.475,0.687,0.587
Ayala HS,PSW,2024,3,6,10,92.9,97.538,1.269,0.394,0.138,0.487,0.25
Boswell HS,PSW,2024,3,3,10,82.15,89.313,1.475,0.675,0.656,-0.044,0.188
Bridgeland HS,PSW,2024,2,9,10,92.525,91.089,-0.718,-0.431,0.013,-0.05,-0.25
Broken Arrow HS,PSW,2024,3,3,10,80.6,88.25,1.712,0.225,0.338,0.625,0.525
Brownsburg HS,PSW,2024,2,9,10,88.701,86.863,-0.919,-0.844,0.088,-0.175,0.012
Burleson Centennial HS,PSW,2024,3,3,10,85.45,92.426,1.716,0.328,0.687,0.15,0.55
Center Grove HS,PSW,2024,3,3,10,83.55,94.088,2.612,0.375,0.85,0.625,0.762
Cesar E Chavez HS,PSW,2024,2,9,10,85.575,83.05,-1.263,-0.338,-0.325,-0.025,-0.575
Chino Hills HS,PSW,2024,4,2,10,90.35,98.638,1.95,0.516,0.391,0.731,0.313
Clear Brook HS,PSW,2024,3,5,10,90.05,91.101,0.382,-0.131,0.462,-0.025,0.075
Cypress Park HS,PSW,2024,2,9,10,87.0,84.963,-1.019,0.019,0.025,-0.725,-0.338
Dartmouth HS,PSW,2024,4,2,10,87.5,95.7,1.287,0.225,0.319,0.325,0.418
Dorman HS,PSW,2024,3,3,10,79.75,84.475,0.469,-0.093,0.269,0.125,0.169
Fair Lawn HS,PSW,2024,3,2,9,75.65,84.75,3.125,1.425,0.275,0.975,0.45
Franklin Central HS,PSW,2024,3,3,10,77.45,82.525,0.169,-0.131,0.05,0.075,0.175
Homestead HS,PSW,2024,3,6,10,85.876,86.538,-0.372,-0.272,0.012,-0.413,0.3
Pearland HS,PSW,2024,2,3,5,78.9,85.65,3.375,1.275,0.2,0.6,1.3
Saratoga HS,PSW,2024,3,6,10,81.451,90.15,2.144,0.619,0.606,0.7,0.218
Sparkman HS,PSW,2024,2,9,10,93.05,94.338,0.644,-0.094,0.137,0.012,0.587
Walled Lake Consolidated Schools,PSW,2024,3,3,10,78.9,86.988,1.525,0.168,0.1,0.875,0.381
Azle HS,PSO,2024,3,3,10,81.35,90.076,2.088,1.05,0.238,0.562,0.238
Beavercreek HS,PSO,2024,3,1,10,72.85,87.126,3.401,1.05,0.612,0.65,1.088
Bob Jones HS,PSO,2024,3,3,10,79.7,84.275,0.656,0.712,-0.032,-0.213,0.187
Burleson HS,PSO,2024,3,3,10,80.25,89.676,2.4,0.863,0.612,0.175,0.75
Casa Grande HS,PSO,2024,2,3,6,76.7,80.076,1.688,0.638,0.025,0.375,0.65
Chattahoochee HS,PSO,2024,2,9,10,87.625,84.763,-1.431,-0.357,-0.275,-1.05,0.25
Cleveland Charter HS,PSO,2024,2,2,6,77.65,82.8,2.575,0.225,0.35,1.85,0.15
DeSoto Central HS,PSO,2024,2,4,9,78.551,77.975,-0.288,-1.012,-0.525,1.275,-0.025
Eden Prairie HS,PSO,2024,3,5,10,88.45,84.438,-1.312,-0.412,-0.287,-0.625,0.013
Fishers HS,PSO,2024,3,3,10,82.4,97.113,4.9,1.613,0.737,1.275,1.275
Fort Zumwalt Combined Schools,PSO,2024,3,1,10,77.85,93.763,4.613,1.219,1.175,1.0,1.219
Franklin Community HS,PSO,2024,3,3,10,82.101,90.489,2.201,0.674,0.337,0.338,0.85
Glenn HS,PSO,2024,2,3,5,84.0,89.35,2.675,1.125,0.8,0.0,0.75
Goshen HS,PSO,2024,2,3,9,82.251,81.701,-0.275,-0.975,-0.25,-0.4,1.35
Great Oak HS,PSO,2024,2,2,6,80.775,89.225,4.225,1.125,0.825,1.7,0.575
Gulfport HS,PSO,2024,3,4,10,83.15,83.163,-0.7,-0.319,0.119,-0.925,0.425
Hamilton Southeastern HS,PSO,2024,2,3,9,77.4,85.425,4.012,0.6,1.45,0.675,1.288
Hardin Valley Combined Schools,PSO,2024,2,1,9,72.85,80.8,3.975,1.275,0.9,0.6,1.2
Harrison Central HS,PSO,2024,2,4,9,81.65,83.776,1.063,-0.262,0.2,0.675,0.45
Irondale Combined Schools,PSO,2024,3,5,10,85.45,88.001,0.794,0.243,-0.081,0.025,0.606
John Marshall HS,PSO,2024,2,3,5,74.501,74.501,0.0,-0.3,-0.55,0.55,0.3
Kamiak HS,PSO,2024,2,5,6,87.25,90.925,1.837,0.562,0.475,0.6,0.2
Keller HS,PSO,2024,2,3,5,77.8,78.9,0.55,0.45,-0.25,-0.2,0.55
Kettering Fairmont HS,PSO,2024,3,1,10,77.0,96.45,5.694,1.556,1.462,1.5,1.175
Lake Orion HS,PSO,2024,2,3,9,76.05,78.55,1.25,0.15,0.0,0.525,0.575
Mauldin HS,PSO,2024,3,3,10,76.8,86.964,2.448,1.472,0.444,-0.082,0.612
Milton HS,PSO,2024,2,9,10,88.85,87.626,-0.612,0.675,0.4,-1.237,-0.45
Noblesville HS,PSO,2024,2,9,10,88.8,93.251,2.226,0.6,0.3,0.325,1.0
Northview HS,PSO,2024,2,3,9,80.501,84.101,1.8,0.375,0.75,0.15,0.525
Norwalk Combined Schools,PSO,2024,3,2,10,77.9,92.563,4.569,1.481,0.775,1.45,0.862
Oak Grove HS (MS),PSO,2024,2,4,9,83.575,78.989,-2.293,-1.293,-0.925,0.4,-0.475
Old Bridge HS,PSO,2024,4,2,10,81.4,92.838,1.909,0.366,0.281,0.663,0.6
Olentangy Liberty HS,PSO,2024,2,1,9,68.05,76.85,4.4,0.3,1.375,2.0,0.725
Pace HS,PSO,2024,3,4,10,87.075,92.838,1.469,0.412,0.362,0.619,0.075
Papillion-La Vista South HS,PSO,2024,2,5,9,73.35,77.675,2.163,0.188,0.575,0.875,0.525
Pflugerville HS,PSO,2024,2,3,5,74.0,83.9,4.95,1.5,1.15,1.95,0.35
Plainfield HS (IN),PSO,2024,2,3,9,82.7,85.951,1.625,-0.487,0.775,0.613,0.725
Plymouth-Canton Educational Park,PSO,2024,3,3,10,79.5,83.25,0.15,0.525,-0.05,-0.438,0.112
South County HS,PSO,2024,3,4,10,85.55,83.8,-1.282,-0.45,-0.175,-0.456,-0.2
Stoneman Douglas HS,PSO,2024,3,2,10,76.8,85.801,2.094,0.263,0.806,0.075,0.95
Thomas Jefferson HS,PSO,2024,3,4,10,86.15,87.588,0.094,0.562,-0.331,-0.313,0.175
Trumbull HS,PSO,2024,2,2,9,75.7,78.651,1.475,-0.263,-0.162,0.925,0.975
Tupelo HS,PSO,2024,2,4,9,75.451,81.125,2.837,0.338,0.3,1.125,1.075
Victor J. Andrew HS,PSO,2024,4,1,10,81.7,97.563,4.525,1.387,0.912,1.275,0.95
Zionsville Community HS,PSO,2024,3,3,10,83.45,95.875,4.094,1.331,1.1,0.5,1.162
Albemarle County Combined Schools,PSA,2024,2,4,9,71.25,79.801,4.276,1.275,0.55,1.275,1.175
Arbor View HS,PSA,2024,2,3,6,81.3,84.725,1.712,0.712,0.125,0.675,0.2
Bellbrook HS,PSA,2024,2,1,9,68.001,82.251,7.125,1.95,1.675,2.475,1.025
Bloomington HS (CA),PSA,2024,2,2,6,66.001,69.6,1.799,1.05,-0.15,0.65,0.25
Bloomington HS (IL),PSA,2024,2,1,3,70.201,69.3,-0.45,-0.45,-0.05,0.1,-0.05
Bridgewater Raritan HS,PSA,2024,2,2,6,75.451,84.201,4.375,1.35,0.175,1.6,1.25
Centaurus HS,PSA,2024,3,4,10,84.45,89.351,1.5,0.488,0.1,0.5,0.412
Centerville HS,PSA,2024,3,1,10,78.25,94.55,5.894,1.594,1.45,1.825,1.025
Central Dauphin HS,PSA,2024,3,4,10,83.6,89.163,1.407,-0.019,0.062,0.775,0.588
Central HS (TX),PSA,2024,2,3,9,71.101,79.85,4.374,2.4,0.1,0.9,0.975
Columbus HS (MS),PSA,2024,2,4,9,72.825,73.325,0.25,-1.125,-0.3,1.2,0.475
Cranston Combined Schools,PSA,2024,3,2,10,78.376,86.776,1.815,0.047,0.563,0.988,0.219
Dakota Combined Schools,PSA,2024,3,3,10,78.1,84.488,0.906,0.281,-0.125,0.425,0.325
Decatur Central HS,PSA,2024,2,3,9,70.85,81.551,5.351,1.013,1.225,2.225,0.887
Dobyns-Bennett HS,PSA,2024,2,1,3,79.75,81.0,0.625,0.375,0.5,-0.65,0.4
E.D. White Catholic HS,PSA,2024,2,3,5,81.15,86.9,2.875,2.4,0.65,-1.175,1.0
Everett HS,PSA,2024,4,2,10,79.2,89.238,1.812,0.179,0.653,0.469,0.513
Gilbert HS,PSA,2024,2,3,6,75.351,81.701,3.175,1.2,0.325,1.05,0.6
Grand Blanc HS,PSA,2024,2,3,9,71.15,84.901,6.875,2.175,1.7,1.05,1.95
Green Level HS,PSA,2024,2,4,6,75.951,79.15,1.6,1.275,0.2,0.425,-0.3
Greenfield-Central HS,PSA,2024,3,3,10,80.9,92.075,2.938,0.937,0.375,1.1,0.525
Halls HS,PSA,2024,2,1,3,76.9,79.001,1.05,1.35,-0.05,-0.35,0.1
Horizon Combined Schools,PSA,2024,2,3,9,83.65,81.851,-0.9,-0.225,-1.05,0.425,-0.05
Hudsonville HS,PSA,2024,2,3,9,78.95,83.151,2.1,0.3,0.275,-0.1,1.625
John C. Birdlebough HS,PSA,2024,2,6,9,82.801,83.651,0.425,0.0,0.512,-0.175,0.088
Kickapoo HS,PSA,2024,3,3,10,83.6,91.613,1.913,0.675,0.363,0.412,0.463
Kings HS,PSA,2024,3,1,10,71.35,84.864,2.882,0.806,0.762,0.838,0.475
Lakeway Christian Academy,PSA,2024,3,1,9,73.4,78.375,2.563,0.338,0.95,0.675,0.6
Lincoln-Way Community Schools,PSA,2024,3,1,9,71.95,76.575,2.188,0.413,0.2,0.975,0.6
Liverpool HS,PSA,2024,2,6,9,77.35,80.751,1.701,-0.787,1.225,0.863,0.4
Longmont Combined Schools,PSA,2024,3,4,10,80.95,86.614,1.272,0.497,0.45,0.1,0.225
Los Alamitos HS,PSA,2024,2,2,6,81.35,88.2,3.425,1.275,1.0,0.75,0.4
Lower Dauphin HS,PSA,2024,3,6,10,86.013,83.3,-0.953,-0.253,0.025,-0.694,-0.032
Minooka Community HS,PSA,2024,3,1,10,78.45,82.3,0.25,-0.15,-0.113,0.55,-0.038
New Hartford HS,PSA,2024,3,2,10,78.8,90.925,3.109,0.685,0.975,1.087,0.363
New Milford HS,PSA,2024,3,2,10,72.75,84.789,2.185,0.028,0.55,1.1,0.506
North Allegheny HS,PSA,2024,2,1,9,71.2,82.376,5.588,2.625,1.138,1.275,0.55
Nutley HS,PSA,2024,2,2,6,75.101,86.488,5.694,1.744,1.4,1.0,1.55
Orange HS,PSA,2024,2,2,6,71.101,72.55,0.724,-0.375,0.05,1.1,-0.05
Osseo Area Combined Schools,PSA,2024,3,5,10,83.45,87.864,0.941,0.122,0.106,-0.012,0.725
Owen J Roberts HS,PSA,2024,3,6,10,82.576,84.775,0.103,-0.01,-0.05,-0.062,0.225
Pearl HS,PSA,2024,3,4,10,82.8,91.875,2.175,0.788,0.45,0.9,0.038
Perkiomen Valley HS,PSA,2024,3,6,10,78.5,83.575,0.969,-0.132,0.025,0.762,0.312
Perry Meridian HS,PSA,2024,2,3,9,73.65,79.775,3.062,0.825,0.913,0.5,0.825
Powhatan HS,PSA,2024,2,4,9,72.8,82.176,4.688,1.838,1.1,1.4,0.35
Rancho Alamitos HS,PSA,2024,2,2,6,76.675,75.35,-0.663,0.037,-0.325,-0.6,0.225
Rex Putnam Combined Schools,PSA,2024,3,5,10,84.15,86.925,0.84,-0.122,0.3,0.625,0.037
Spring-Ford HS,PSA,2024,4,2,10,84.45,93.3,1.717,0.258,0.513,0.588,0.36
Sycamore HS,PSA,2024,3,1,10,75.9,90.138,3.907,1.068,0.737,1.137,0.962
Unionville HS,PSA,2024,3,6,10,89.238,91.213,1.147,0.178,0.188,0.2,0.581
Warren Central HS (MS),PSA,2024,2,4,5,79.65,81.751,1.05,0.3,0.25,-0.3,0.8
Weatherford HS,PSA,2024,2,3,5,76.7,80.176,1.738,0.938,0.1,0.45,0.25
West Milford HS,PSA,2024,2,2,6,78.326,81.95,1.812,0.862,0.65,0.05,0.25
West Shore School District,PSA,2024,3,4,10,79.601,83.6,0.612,-0.15,0.412,0.15,0.2
Westfield HS (IN),PSA,2024,3,3,10,81.0,89.775,2.375,0.937,0.288,0.787,0.362
Westhill HS,PSA,2024,2,2,6,78.201,83.451,2.625,1.275,0.05,0.5,0.8
Williams Field HS,PSA,2024,2,3,6,80.075,84.775,2.35,0.9,-0.025,1.05,0.425
Atlanta Quest,PIW,2024,3,3,10,82.5,88.875,1.49,0.778,-0.068,0.594,0.187
Audio Theater,PIW,2024,2,1,9,76.85,82.625,2.888,1.462,0.65,-0.05,0.825
Blue Knights,PIW,2024,2,4,9,83.55,83.938,0.194,0.319,0.35,-0.55,0.075
Broken City,PIW,2024,4,2,10,90.0,96.15,1.153,0.291,0.225,0.412,0.225
Cap City,PIW,2024,4,1,10,76.8,87.9,1.506,0.6,0.381,0.213,0.313
ConneXus,PIW,2024,3,3,10,82.95,87.65,0.884,0.272,0.25,0.288,0.075
Dark Sky Percussion,PIW,2024,4,2,10,83.175,85.025,-0.206,-0.037,0.119,-0.231,-0.056
Flux Indoor Percussion,PIW,2024,4,3,10,83.7,84.55,-0.479,-0.197,-0.225,0.038,-0.094
George Mason University,PIW,2024,4,4,10,86.25,89.013,0.078,0.009,0.031,0.025,0.012
Gold Indoor Percussion,PIW,2024,2,6,9,85.4,82.45,-1.475,-0.525,-0.375,-0.213,-0.363
Infinity,PIW,2024,3,2,10,87.4,94.726,1.969,0.6,0.581,0.388,0.4
Infinity 2,PIW,2024,3,2,10,80.65,82.975,-0.019,-0.038,0.35,-0.419,0.088
MBI Indoor Percussion,PIW,2024,2,5,9,83.9,84.3,0.2,0.412,0.137,-0.175,-0.175
Matrix,PIW,2024,3,3,10,84.4,91.351,1.819,0.487,0.35,0.6,0.382
Monarch Independent,PIW,2024,3,5,10,90.45,92.089,0.632,0.337,-0.012,0.231,0.075
Music City Mystique,PIW,2024,3,3,10,88.35,95.213,1.7,0.506,0.337,0.625,0.232
POW Percussion,PIW,2024,4,2,10,84.925,91.101,0.857,0.337,0.019,0.325,0.175
Pulse Percussion,PIW,2024,4,2,10,92.4,98.5,1.362,0.412,0.281,0.5,0.169
RCC,PIW,2024,3,6,10,93.2,97.4,1.219,0.394,0.225,0.4,0.2
Red Wave Indoor,PIW,2024,2,6,9,80.901,81.075,0.087,0.037,0.575,-0.15,-0.375
Redline,PIW,2024,2,3,9,81.05,84.825,1.888,0.75,0.737,-0.025,0.425
Resistance Indoor Percussion,PIW,2024,2,5,9,76.05,81.15,2.55,1.2,0.825,0.125,0.4
Rhythm X,PIW,2024,3,1,10,84.2,98.4,4.094,1.387,0.918,1.0,0.788
Rhythmic Force Percussion,PIW,2024,4,3,10,82.9,87.225,0.559,0.066,0.288,-0.019,0.225
Rise Percussion,PIW,2024,2,4,9,76.4,81.55,2.575,0.938,0.688,0.15,0.8
STRYKE Percussion,PIW,2024,3,2,10,77.3,83.013,0.779,-0.009,0.437,-0.275,0.625
Thesis,PIW,2024,2,6,9,83.051,85.125,1.037,0.338,0.6,0.05,0.05
United Percussion,PIW,2024,4,2,10,86.45,93.701,1.928,0.722,0.256,0.806,0.144
Vessel,PIW,2024,2,2,9,77.201,81.525,2.162,1.087,0.35,0.775,-0.05
Vigilantes Indoor Percussion,PIW,2024,3,3,10,83.7,83.65,-0.728,-0.291,0.25,-0.625,-0.063
Ascension Percussion,PIO,2024,2,3,9,75.1,79.425,2.163,1.463,0.425,-0.55,0.825
Bakersfield College,PIO,2024,3,6,10,88.75,91.863,1.172,0.665,0.269,-0.0,0.237
Breakthrough Indoor Percussion,PIO,2024,4,3,10,83.2,91.513,1.997,0.497,0.219,0.75,0.531
Cap City 2,PIO,2024,4,1,10,81.75,93.95,3.425,0.975,0.738,1.138,0.575
Civitas Independent,PIO,2024,3,3,10,82.15,93.35,3.159,1.49,0.269,0.825,0.575
Crossroads Percussion,PIO,2024,3,5,10,85.25,83.1,-1.226,0.094,-0.45,-0.469,-0.4
Desert Vox,PIO,2024,2,9,10,84.126,80.1,-2.013,-0.562,-0.2,-0.925,-0.325
Elan Percussion,PIO,2024,4,2,10,78.7,84.789,0.66,0.441,-0.031,0.375,-0.125
Freedom Percussion,PIO,2024,2,3,9,78.9,84.676,2.888,1.012,0.05,1.025,0.8
Gold Spike Percussion,PIO,2024,2,4,9,82.75,83.576,0.413,0.225,0.338,-0.125,-0.025
IMPACT Percussion,PIO,2024,3,5,10,86.7,96.35,3.34,0.965,0.75,0.862,0.763
Infinity 3,PIO,2024,3,2,10,80.0,88.276,2.197,0.872,0.656,0.369,0.3
Instinct,PIO,2024,2,6,9,82.601,83.489,0.444,0.393,-0.387,0.25,0.188
Matrix Open,PIO,2024,3,3,10,82.1,84.501,-0.293,0.243,-0.494,0.094,-0.138
Meraki,PIO,2024,4,2,10,84.2,98.488,2.91,0.797,0.462,1.094,0.557
Motor City Percussion,PIO,2024,3,3,10,82.55,85.514,0.413,0.525,-0.213,0.062,0.038
Old Line Independent Percussion,PIO,2024,3,4,10,83.7,81.55,-1.653,-0.14,-0.488,-0.85,-0.175
Orange County Independent,PIO,2024,3,6,10,86.45,88.064,0.469,0.356,-0.238,0.638,-0.288
Palmetto Indoor Theatre,PIO,2024,2,3,9,74.6,81.539,3.47,1.668,1.1,0.6,0.1
Paradigm Percussion,PIO,2024,3,3,10,78.55,88.364,2.345,1.556,0.212,0.788,-0.212
Q2,PIO,2024,3,3,10,83.35,95.65,3.419,1.294,0.612,0.988,0.525
Rift Percussion,PIO,2024,2,4,9,78.95,79.775,0.413,0.338,0.05,-0.2,0.225
River City Rhythm,PIO,2024,3,5,10,86.35,82.85,-1.913,-0.45,-0.65,-0.35,-0.462
Siege Percussion,PIO,2024,2,2,9,77.1,82.726,2.813,0.488,1.15,0.225,0.95
Spartans Indoor Percussion,PIO,2024,4,2,10,75.65,82.488,-0.806,0.206,-0.406,-0.3,-0.306
Spectre Percussion,PIO,2024,2,4,10,85.3,88.326,1.513,0.562,0.05,0.8,0.1
Sun City Independent,PIO,2024,2,4,9,74.55,79.401,2.425,0.75,1.1,0.025,0.55
UTSA,PIO,2024,3,5,10,87.3,92.689,2.047,0.797,0.025,0.963,0.263
United Percussion 2,PIO,2024,4,2,10,73.1,88.55,1.757,0.713,-0.069,0.981,0.131
Vaquero Percussion,PIO,2024,2,3,9,74.5,80.089,2.794,0.431,1.038,0.65,0.675
Veritas,PIO,2024,3,3,10,80.55,90.914,3.101,0.712,0.5,1.225,0.663
Vision Percussion,PIO,2024,4,3,10,85.45,88.863,0.806,0.976,-0.025,0.088,-0.231
Carolina Storm Indoor Percussion,PIA,2024,3,3,10,70.7,81.501,2.207,1.031,0.575,0.6,-0.0
Charles Towne Percussion,PIA,2024,3,3,10,81.6,93.038,2.556,1.332,0.388,0.812,0.025
Columbus Saints Indoor Percussion Ensemble,PIA,2024,2,9,10,80.263,77.725,-1.269,-0.319,-0.25,-0.35,-0.35
Cornerstone Percussion,PIA,2024,2,2,6,71.7,80.8,4.55,1.35,1.05,1.3,0.85
Fruitport Independent Percussion,PIA,2024,3,3,10,69.2,83.901,3.816,1.753,0.838,0.7,0.525
Groove Pursuit,PIA,2024,3,5,10,81.5,85.664,0.188,0.431,-0.688,0.518,-0.075
Horizon Percussion,PIA,2024,2,4,6,76.7,82.45,2.875,0.825,0.7,1.2,0.15
IGNITE Winter Percussion,PIA,2024,3,3,10,68.6,74.75,0.235,-0.028,0.287,-0.0,-0.025
Impulse Drumline (OH),PIA,2024,3,1,10,62.4,78.8,3.306,1.332,0.687,0.788,0.5
Lake Effect Percussion,PIA,2024,3,3,10,74.9,89.55,4.453,1.903,0.669,2.0,-0.119
M3,PIA,2024,3,3,10,83.05,93.425,2.925,0.806,0.6,0.832,0.688
North Star Independent,PIA,2024,3,4,10,81.85,89.65,2.007,0.806,0.187,1.075,-0.062
Pi Percussion Inc.,PIA,2024,2,1,3,76.9,73.95,-1.475,-0.825,0.0,-0.75,0.1
Quad City Percussion,PIA,2024,3,5,10,74.9,81.125,0.431,0.206,0.037,0.037,0.15
Revelation,PIA,2024,3,3,10,80.05,92.113,2.826,0.562,0.863,1.025,0.375
Shockwave,PIA,2024,3,3,10,62.251,70.975,0.906,-0.094,0.512,0.2,0.288
Vortex Percussion,PIA,2024,3,3,10,68.3,82.726,2.294,1.031,0.35,0.425,0.487
Arcadia HS,PSW,2025,3,6,9,89.775,93.076,0.95,0.338,0.112,0.15,0.35
Avon HS,PSW,2025,2,8,9,94.138,94.988,0.425,-0.037,-0.025,0.487,0.0
Ayala HS,PSW,2025,3,6,9,93.975,99.5,1.713,0.412,0.262,0.662,0.375
Boswell HS,PSW,2025,3,6,9,84.9,87.463,0.093,-0.431,0.163,0.219,0.144
Bridgeland HS,PSW,2025,4,3,9,87.05,97.163,2.469,0.544,0.481,0.75,0.694
Broken Arrow HS,PSW,2025,3,3,9,81.45,87.675,1.25,0.394,0.069,0.213,0.575
Brownsburg HS,PSW,2025,3,3,9,77.55,84.425,0.903,0.009,0.425,0.031,0.437
Burleson Centennial HS,PSW,2025,3,6,9,90.55,94.725,1.138,0.337,0.325,0.213,0.262
Center Grove HS,PSW,2025,2,8,9,90.725,89.725,-0.5,-0.562,-0.5,0.525,0.037
Chino Hills HS,PSW,2025,4,2,9,87.275,95.8,1.472,0.553,0.206,0.425,0.288
Clear Brook HS,PSW,2025,3,3,9,85.0,91.239,1.519,0.018,0.238,0.637,0.625
Clover HS,PSW,2025,2,3,6,78.9,91.1,6.1,1.35,1.825,1.475,1.45
Clovis HS,PSW,2025,2,6,8,77.525,81.813,2.144,0.543,0.25,0.675,0.675
Cupertino HS,PSW,2025,2,5,8,85.2,84.789,-0.206,0.581,-0.175,-0.312,-0.3
Cy-Fair HS,PSW,2025,3,3,9,83.35,92.164,2.7,0.506,0.206,1.4,0.588
Dartmouth HS,PSW,2025,3,4,9,87.7,90.401,0.163,0.094,-0.187,0.225,0.032
Dorman HS,PSW,2025,3,3,9,82.7,85.875,0.175,-0.075,0.05,-0.238,0.438
Fair Lawn HS,PSW,2025,2,6,8,83.625,83.9,0.138,0.113,-0.05,-0.012,0.088
Foothill HS (NV),PSW,2025,2,6,8,82.051,83.175,0.562,-0.375,0.0,0.45,0.487
Franklin Central HS,PSW,2025,2,3,8,79.45,83.1,1.825,0.562,0.475,-0.062,0.85
Homestead HS (CA),PSW,2025,2,6,8,85.176,86.889,0.856,0.019,0.1,0.262,0.475
Kettering Fairmont HS,PSW,2025,2,3,8,74.851,84.038,4.593,0.956,1.1,1.6,0.937
Mt. Juliet Combined Schools,PSW,2025,2,3,8,74.3,84.088,4.894,1.518,0.975,1.425,0.975
Pearland HS,PSW,2025,2,3,6,80.5,86.8,3.15,0.45,0.75,1.25,0.7
Sparkman HS,PSW,2025,2,3,8,80.4,86.576,3.088,1.012,0.35,1.675,0.05
Walled Lake Consolidated Schools,PSW,2025,3,3,9,79.2,83.675,-0.141,-0.216,0.425,-0.375,0.025
Basha HS,PSO,2025,4,2,9,81.25,88.488,1.109,0.197,0.275,0.175,0.462
Bob Jones HS,PSO,2025,2,3,8,71.3,84.075,6.388,1.838,1.3,1.95,1.3
Brandon Valley HS,PSO,2025,3,4,8,80.75,84.951,1.288,0.338,0.25,0.125,0.575
Buckhorn HS,PSO,2025,2,3,8,78.45,85.325,3.438,0.938,0.725,0.7,1.075
Chantilly HS,PSO,2025,2,4,8,78.001,80.25,1.124,0.0,1.075,-0.15,0.2
Chisholm Trail HS,PSO,2025,3,6,9,87.1,90.788,0.947,0.497,0.138,0.325,-0.013
Downingtown West HS,PSO,2025,2,6,8,82.8,83.05,0.125,0.337,-0.388,-0.325,0.5
Dublin HS,PSO,2025,2,5,6,82.15,85.988,1.919,0.656,0.35,0.55,0.363
Dutchtown HS (LA),PSO,2025,2,4,8,77.451,81.9,2.225,0.938,0.2,0.787,0.3
Fishers HS,PSO,2025,3,3,9,86.2,96.75,3.094,1.125,0.675,0.825,0.469
Fort Zumwalt Combined Schools,PSO,2025,2,8,9,93.225,91.139,-1.043,-1.181,-0.188,0.35,-0.025
Franklin Community HS,PSO,2025,2,3,8,76.701,86.888,5.094,1.781,0.5,1.588,1.225
Germantown HS,PSO,2025,3,4,9,85.65,88.463,0.228,-0.047,-0.344,0.594,0.025
Glenn HS,PSO,2025,2,3,6,84.7,88.1,1.7,-0.225,1.0,0.3,0.625
Goshen HS,PSO,2025,3,3,9,78.1,90.325,2.997,1.059,0.95,0.413,0.575
Great Oak HS,PSO,2025,4,2,9,79.25,91.664,1.683,0.267,0.193,0.966,0.256
Greenfield-Central HS,PSO,2025,2,8,9,94.338,95.45,0.556,0.094,0.012,0.287,0.162
Gulfport HS,PSO,2025,2,4,8,82.75,85.551,1.401,0.75,0.775,-0.025,-0.1
Hempfield HS,PSO,2025,2,6,8,85.85,87.689,0.919,0.168,0.1,-0.075,0.725
Hernando HS,PSO,2025,2,4,8,79.75,87.001,3.626,1.8,0.25,0.875,0.7
Hickory HS,PSO,2025,2,4,8,78.65,83.2,2.275,0.337,0.875,0.325,0.737
Hudsonville HS,PSO,2025,2,4,8,81.3,85.601,2.151,0.45,0.875,0.325,0.5
Irondale Combined Schools,PSO,2025,2,4,8,83.9,86.989,1.544,-0.019,0.275,0.8,0.488
John Marshall HS,PSO,2025,3,3,8,69.85,78.4,2.125,0.075,0.5,1.2,0.35
Kamiak HS,PSO,2025,3,5,9,83.2,90.3,1.434,0.778,-0.025,0.25,0.432
Keller Central HS,PSO,2025,2,3,6,75.5,82.1,3.3,0.6,1.2,-0.05,1.55
Lake Orion HS,PSO,2025,2,4,8,77.6,79.9,1.15,0.15,0.0,0.575,0.425
Lees Summit HS,PSO,2025,2,6,8,76.85,81.85,2.5,1.275,0.575,0.35,0.3
Los Alamitos HS,PSO,2025,2,2,6,75.25,83.1,3.925,0.225,1.075,1.95,0.675
Minooka Community HS,PSO,2025,2,1,8,69.4,76.975,3.787,0.188,1.65,0.675,1.275
Ninety Six HS,PSO,2025,2,3,8,79.2,87.064,3.932,-0.094,1.4,1.3,1.325
Noblesville HS,PSO,2025,2,3,8,84.95,87.851,1.45,0.525,0.2,-0.15,0.875
North Port HS,PSO,2025,2,2,8,70.4,80.85,5.225,2.025,1.6,0.525,1.075
Old Bridge HS,PSO,2025,2,6,8,89.725,89.489,-0.118,-0.094,-0.388,0.575,-0.212
Pace HS,PSO,2025,3,4,9,82.4,94.051,3.166,1.059,0.55,0.925,0.631
Pacifica HS,PSO,2025,2,6,8,85.213,83.325,-0.944,-0.694,0.512,-0.512,-0.25
Papillion-La Vista South HS,PSO,2025,2,6,8,81.9,82.351,0.225,0.262,0.475,-0.625,0.113
Pflugerville HS,PSO,2025,2,3,6,73.901,76.0,1.05,-0.3,0.5,0.7,0.15
Plymouth-Canton Educational Park,PSO,2025,2,4,8,82.15,81.825,-0.163,-0.262,-0.163,0.537,-0.275
Rancho Cucamonga HS,PSO,2025,3,2,9,80.7,96.075,4.034,1.078,0.713,1.437,0.806
Saginaw HS,PSO,2025,3,6,9,84.95,89.313,0.803,-0.178,0.243,0.45,0.288
South County Combined Schools,PSO,2025,2,4,8,83.9,85.488,0.794,1.031,0.225,-0.613,0.15
South Jones HS,PSO,2025,2,4,8,75.501,87.864,6.182,1.632,1.5,2.0,1.05
Southlake Carroll HS,PSO,2025,2,6,8,77.85,81.125,1.638,-0.037,0.625,0.25,0.8
Spring-Ford HS,PSO,2025,2,6,8,90.525,88.438,-1.044,-0.619,-0.175,-0.3,0.05
Trumbull HS,PSO,2025,3,4,8,81.6,84.95,1.512,0.863,0.25,-0.15,0.55
Union HS,PSO,2025,3,3,9,82.25,91.739,2.444,0.469,0.4,1.0,0.575
Victor J. Andrew HS,PSO,2025,4,1,9,76.55,96.763,4.269,1.2,0.844,1.363,0.863
Warren Central HS (IN),PSO,2025,2,3,8,74.201,81.938,3.869,0.543,0.975,0.95,1.4
Westhill HS,PSO,2025,2,6,8,83.825,86.264,1.219,0.544,-0.3,0.65,0.325
Williams Field HS,PSO,2025,2,3,6,80.25,84.189,1.969,0.768,0.575,0.4,0.225
Zionsville Community HS,PSO,2025,3,3,9,82.401,95.45,3.496,1.134,0.337,1.35,0.675
Albemarle County Combined Schools,PSA,2025,2,4,8,80.75,80.9,0.075,-0.15,0.675,-1.025,0.575
Bellevue Combined Schools,PSA,2025,2,6,8,80.05,86.925,3.438,1.388,0.762,1.15,0.137
Bryant HS,PSA,2025,2,3,4,77.35,84.05,3.35,0.9,0.9,0.85,0.7
Campo Verde HS,PSA,2025,2,3,6,77.85,87.075,4.613,0.787,0.675,1.775,1.375
Catawba Ridge HS,PSA,2025,2,3,8,83.45,89.888,3.219,1.144,0.638,0.95,0.487
Central Dauphin HS,PSA,2025,2,4,8,79.175,82.55,1.688,0.825,0.675,-0.137,0.325
Choctawhatchee HS,PSA,2025,2,4,8,86.7,95.975,4.637,1.537,0.812,1.612,0.675
Clinton HS,PSA,2025,2,4,8,91.8,97.038,2.619,0.694,0.387,1.175,0.363
Columbus HS (MS),PSA,2025,2,4,8,72.05,80.925,4.438,2.213,-0.25,1.662,0.812
Cranston Combined Schools,PSA,2025,2,4,8,83.775,84.901,0.563,-0.037,0.125,0.425,0.05
Dakota Combined Schools,PSA,2025,2,4,8,84.75,91.939,3.594,1.631,0.912,0.675,0.375
Dassel-Cokato HS,PSA,2025,2,4,8,81.15,86.126,2.488,0.188,0.525,0.95,0.825
Decatur Central HS,PSA,2025,2,3,8,77.575,84.176,3.3,-0.038,0.85,1.012,1.475
E.D. White Catholic HS,PSA,2025,2,4,8,87.1,94.275,3.588,1.163,0.75,1.037,0.637
Elk River Combined Schools,PSA,2025,2,4,8,82.65,83.764,0.557,-0.018,0.2,0.5,-0.125
Enloe Magnet HS,PSA,2025,2,4,8,78.051,85.451,3.7,0.787,1.05,0.938,0.925
Gilbert HS,PSA,2025,2,3,6,80.15,82.925,1.387,0.338,0.3,0.15,0.6
Grand Blanc HS,PSA,2025,2,4,8,79.8,85.226,2.713,1.238,0.825,0.3,0.35
Green Level HS,PSA,2025,2,3,8,77.5,79.8,1.15,0.525,0.075,0.375,0.175
Hamilton Southeastern HS,PSA,2025,2,3,8,84.7,90.325,2.812,-0.037,0.05,1.225,1.575
Hewitt-Trussville HS,PSA,2025,2,3,8,80.95,85.314,2.182,-0.094,0.4,1.325,0.55
Highland Regional HS,PSA,2025,2,6,8,74.125,79.6,2.737,1.088,1.175,0.1,0.375
Higley HS,PSA,2025,2,3,6,73.501,77.913,2.206,0.506,0.275,0.875,0.55
John C. Birdlebough HS,PSA,2025,2,6,8,78.95,79.975,0.512,-0.338,-0.025,-0.175,1.05
Kickapoo HS,PSA,2025,2,3,8,80.301,81.55,0.624,-0.113,0.575,-0.4,0.562
Lakeway Christian Academy,PSA,2025,2,3,8,74.451,89.014,7.282,2.194,1.325,2.387,1.375
Lawrence Township School District,PSA,2025,2,3,8,77.925,85.739,3.907,0.844,1.425,0.413,1.225
Lincoln-Way Community Schools,PSA,2025,2,1,3,67.25,70.05,1.4,-0.375,0.575,1.05,0.15
Lower Dauphin HS,PSA,2025,2,4,8,84.0,88.751,2.376,1.312,-0.075,0.088,1.05
Mars Area HS,PSA,2025,2,6,8,85.651,85.026,-0.312,0.562,-0.5,0.3,-0.675
Mountain Ridge HS (UT),PSA,2025,2,4,8,82.55,86.851,2.151,-0.113,0.75,1.213,0.3
North Penn HS,PSA,2025,2,6,8,90.438,91.114,0.338,0.488,-0.012,0.062,-0.2
Nutley HS,PSA,2025,2,6,8,81.825,83.3,0.737,0.712,-0.425,0.188,0.263
Oak Ridge HS (TN),PSA,2025,2,3,8,75.5,83.163,3.831,1.144,0.475,1.25,0.963
Olentangy Liberty HS,PSA,2025,2,4,8,77.85,85.614,3.882,0.506,1.5,1.4,0.475
Orange HS,PSA,2025,2,2,6,74.8,83.1,4.15,0.825,0.625,2.275,0.425
Owen J Roberts HS,PSA,2025,2,6,8,88.825,88.3,-0.263,-0.338,0.1,-0.175,0.15
Paul V. Moore HS,PSA,2025,2,6,8,84.826,84.101,-0.362,-1.088,0.4,0.425,-0.1
Pearl HS,PSA,2025,2,4,8,87.0,90.288,1.644,-0.019,0.525,1.325,-0.188
Perkiomen Valley HS,PSA,2025,2,6,8,81.9,86.089,2.094,0.844,0.487,0.575,0.188
Plainfield Combined Schools,PSA,2025,2,1,8,74.7,91.363,8.331,2.232,2.05,2.175,1.875
Rancho Alamitos HS,PSA,2025,2,2,6,73.4,80.276,3.438,0.338,0.612,1.887,0.6
Selma HS,PSA,2025,2,2,6,71.1,82.314,5.607,1.069,0.5,2.425,1.612
South Albany HS,PSA,2025,2,5,8,78.9,78.825,-0.038,0.188,0.125,-0.4,0.05
Starkville HS,PSA,2025,2,4,8,75.25,81.475,3.112,1.2,0.1,0.325,1.488
Sunlake HS,PSA,2025,2,2,8,77.25,82.725,2.737,-0.188,0.675,1.625,0.625
Temple City HS,PSA,2025,2,6,8,88.75,91.589,1.419,0.882,0.412,-0.162,0.287
Unionville HS,PSA,2025,2,6,8,92.063,93.625,0.781,0.543,0.213,0.05,-0.025
Warren Central HS (MS),PSA,2025,3,4,8,80.401,86.939,2.357,0.881,0.25,0.45,0.775
West Milford HS,PSA,2025,2,6,8,87.388,85.076,-1.156,-1.031,0.087,0.113,-0.325
Whiteland HS,PSA,2025,2,3,8,77.2,81.988,2.394,0.094,0.8,0.85,0.65
Xenia HS,PSA,2025,2,3,8,68.9,73.975,2.537,0.787,0.525,0.65,0.575
Atlanta Quest,PIW,2025,3,3,9,84.55,90.238,1.376,0.337,0.25,0.488,0.3
Broken City,PIW,2025,3,6,9,93.35,97.95,1.369,0.338,0.332,0.357,0.344
Cap City,PIW,2025,3,3,9,85.85,91.65,1.334,0.253,0.087,0.6,0.394
ConneXus,PIW,2025,2,3,8,81.45,84.913,1.731,1.519,-0.025,-0.375,0.612
Dark Sky Percussion,PIW,2025,3,2,8,80.451,85.925,1.512,0.338,0.187,0.55,0.437
Flux Indoor Percussion,PIW,2025,2,3,6,81.85,83.451,0.8,0.3,0.5,0.05,-0.05
George Mason University,PIW,2025,3,4,9,88.0,94.864,1.976,0.543,0.55,0.369,0.512
Infinity,PIW,2025,3,2,9,86.05,95.826,2.641,0.74,0.556,0.919,0.425
Instinct,PIW,2025,2,2,6,75.151,79.55,2.2,0.3,0.35,1.125,0.425
Matrix,PIW,2025,3,4,9,88.35,92.076,1.125,0.45,0.287,0.369,0.019
Meraki,PIW,2025,4,2,9,81.55,87.025,0.825,0.056,0.188,0.5,0.081
Monarch Independent,PIW,2025,3,3,9,82.9,89.075,1.594,0.356,0.194,0.768,0.275
Music City Mystique,PIW,2025,3,3,9,86.5,94.101,1.841,0.741,0.444,0.25,0.407
POW Percussion,PIW,2025,4,2,9,83.75,91.063,1.172,0.272,0.381,0.269,0.25
Pulse Percussion,PIW,2025,4,2,9,89.475,96.975,1.431,0.3,0.312,0.481,0.337
RCC,PIW,2025,4,2,9,89.75,99.163,1.944,0.6,0.375,0.544,0.425
Red Wave Indoor,PIW,2025,2,2,6,78.401,84.376,2.988,0.863,0.325,1.1,0.7
Redline,PIW,2025,2,4,8,83.95,84.8,0.425,0.225,0.325,0.45,-0.575
Resistance Indoor Percussion,PIW,2025,2,3,6,71.55,78.85,3.65,0.6,1.35,0.25,1.45
Rhythm X,PIW,2025,3,3,9,89.75,99.063,2.481,0.787,0.4,0.631,0.662
Rhythmic Force Percussion,PIW,2025,4,3,9,82.65,89.875,1.119,0.15,0.287,0.569,0.113
STRYKE Percussion,PIW,2025,2,2,8,77.15,82.975,2.912,1.05,0.525,0.8,0.538
Thesis,PIW,2025,2,5,6,85.25,85.526,0.138,0.45,0.15,-0.05,-0.412
United Percussion,PIW,2025,3,4,9,87.85,93.414,1.62,0.468,0.363,0.475,0.313
Vigilantes Indoor Percussion,PIW,2025,2,6,8,86.4,84.65,-0.875,-0.412,-0.375,0.238,-0.325
Bakersfield College,PIO,2025,2,8,9,90.614,88.038,-1.288,-0.263,-0.137,-0.425,-0.462
Breakthrough Indoor Percussion,PIO,2025,3,3,9,83.15,86.375,0.534,0.122,-0.025,0.325,0.113
Cap City 2,PIO,2025,3,3,9,86.95,94.826,2.247,0.628,0.5,0.825,0.294
Civitas Independent,PIO,2025,3,3,9,86.35,96.775,2.835,0.966,0.65,0.575,0.644
Convergence Indoor Percussion,PIO,2025,2,3,8,76.5,79.425,1.462,0.3,0.025,0.175,0.963
Crystal Lake Thunder,PIO,2025,3,1,8,70.85,77.275,2.437,1.05,0.312,0.425,0.65
Elan Percussion,PIO,2025,2,2,6,79.15,83.626,2.238,0.488,0.325,0.775,0.65
Freedom Percussion,PIO,2025,3,3,9,82.85,95.05,3.034,0.685,0.725,0.575,1.05
Gold Spike Percussion,PIO,2025,2,4,8,80.75,84.25,1.75,0.675,0.2,0.588,0.287
Huron Valley Percussion,PIO,2025,2,4,8,78.9,86.239,3.669,1.107,0.575,1.35,0.638
Imperial Dynasty,PIO,2025,3,6,9,90.05,88.025,-1.035,-0.385,0.019,-0.288,-0.381
Infinity 3,PIO,2025,2,2,8,77.4,88.089,5.344,1.668,1.275,1.3,1.1
Lotus Indoor Percussion,PIO,2025,2,3,8,76.6,85.175,4.288,0.413,0.675,1.825,1.375
Matrix Open,PIO,2025,3,4,9,84.4,88.6,0.909,0.535,-0.012,0.6,-0.212
Motor City Percussion,PIO,2025,2,4,8,82.0,88.076,3.038,0.862,0.575,1.287,0.312
OCI,PIO,2025,3,6,9,89.575,94.701,1.431,0.337,0.363,0.475,0.256
Old Line Independent Percussion,PIO,2025,2,6,8,85.2,85.075,-0.062,-0.188,-0.05,-0.525,0.7
Palmetto Indoor Theatre,PIO,2025,2,3,8,78.45,83.85,2.7,0.562,0.438,0.425,1.275
Paradigm Percussion,PIO,2025,2,8,9,90.975,91.163,0.094,0.168,0.075,-0.237,0.088
Pi Percussion Inc.,PIO,2025,3,1,8,75.4,82.388,2.619,0.844,0.6,0.475,0.7
Q2,PIO,2025,3,3,9,83.8,93.814,2.469,0.863,0.525,0.656,0.425
Rift Percussion,PIO,2025,2,4,8,78.2,81.475,1.637,1.05,-0.5,1.175,-0.088
River City Rhythm,PIO,2025,3,4,9,83.7,88.638,0.35,-0.338,0.388,0.031,0.269
Siege Percussion,PIO,2025,2,2,8,77.05,81.875,2.413,0.863,1.15,0.025,0.375
Spectre Percussion,PIO,2025,3,4,9,88.7,94.925,2.034,0.647,0.663,0.269,0.456
Sun City Independent,PIO,2025,2,6,8,80.5,85.538,2.519,1.106,0.012,0.85,0.55
Synergy,PIO,2025,2,6,8,84.35,85.225,0.438,0.263,-0.275,0.275,0.175
Tri-City Percussion,PIO,2025,2,5,8,79.9,79.0,-0.45,1.05,-0.475,-1.1,0.075
UTSA,PIO,2025,3,6,9,88.2,95.188,1.697,0.534,0.425,0.587,0.15
United Percussion 2,PIO,2025,4,4,9,80.95,91.414,1.578,0.628,0.425,0.325,0.2
Veritas,PIO,2025,3,3,9,83.85,97.85,3.769,1.312,0.65,0.825,0.981
Vision Percussion,PIO,2025,3,3,8,79.75,85.288,1.432,-0.056,0.262,0.988,0.238
Breakwater Performing Arts,PIA,2025,2,4,8,75.15,80.525,2.688,0.637,0.725,0.8,0.525
Carolina Storm Indoor Percussion,PIA,2025,2,3,8,72.8,77.5,2.35,0.9,0.475,0.4,0.575
Cornerstone Percussion,PIA,2025,2,2,6,74.65,79.85,2.6,0.6,0.225,1.1,0.675
Horizon Percussion,PIA,2025,2,4,6,78.05,82.7,2.325,1.575,-0.25,1.15,-0.15
Kannapolis Independent,PIA,2025,2,3,8,78.9,88.451,4.775,1.425,0.65,1.55,1.15
Lake Effect Percussion,PIA,2025,2,4,8,78.5,89.5,5.5,1.5,0.7,2.262,1.038
Lakeville Area Percussion,PIA,2025,2,4,8,77.3,86.026,4.363,1.35,0.713,1.65,0.65
Legacy Percussion,PIA,2025,2,2,8,72.4,83.201,5.4,1.425,1.25,1.463,1.262
M3,PIA,2025,2,4,8,83.75,93.9,5.075,1.725,0.7,1.525,1.125
Nomad Indoor,PIA,2025,2,3,8,82.4,92.65,5.125,1.837,0.862,1.75,0.675
North Star Independent,PIA,2025,2,4,8,80.2,88.875,4.337,1.012,0.725,1.95,0.65
Quad City Percussion,PIA,2025,2,4,8,72.3,76.475,2.087,0.675,0.2,1.362,-0.15
Rochester Lourdes Drumline,PIA,2025,2,4,8,81.35,83.926,1.288,0.675,-0.075,0.825,-0.138
Vortex Percussion,PIA,2025,2,4,8,77.75,84.226,3.238,1.087,1.05,0.175,0.925
